"keyword","time","title"
"machine%20learning","2 hours ago","Julia vs. Matlab. A simple test case"
"machine%20learning","3 hours ago","How to fix (do better) text classification model with using word2vec"
"machine%20learning","4 hours ago","center align two divs with image on right"
"machine%20learning","5 hours ago","Sudo x chroot conflict in Ubuntu Core with Miniconda"
"machine%20learning","7 hours ago","How to understand boxplot comparing performance metrics of machine learning models?"
"machine%20learning","7 hours ago","What is the best approach for correlating astrology to price changes?"
"machine%20learning","7 hours ago","PySpark - Error using randomSplit on Dataframe"
"machine%20learning","8 hours ago","using Link in react does not re-render the component"
"machine%20learning","9 hours ago","horizontal timeline css implementation"
"machine%20learning","10 hours ago","Recognize image within other image"
"machine%20learning","11 hours ago","Best way to process a click stream to create features in Pandas"
"machine%20learning","11 hours ago","What are possible approaches for learning causal DAG of events?"
"machine%20learning","12 hours ago","tensorflow installation error in rasa_core package"
"machine%20learning","14 hours ago","About dataframe basics"
"machine%20learning","15 hours ago","Retrain/upgrade a machine learning model in production"
"machine%20learning","15 hours ago","Importing MNIST dataset with Fortran"
"machine%20learning","17 hours ago","how to suggest keywords based on the association with the title entered by the user [on hold]"
"machine%20learning","19 hours ago","How to Transform a accelerometer signal to wavelet?"
"machine%20learning","19 hours ago","regex words matching for Chinese and Japanese character"
"machine%20learning","15 hours ago","Ruby 2.4.4 documentation missing"
"machine%20learning","23 hours ago","Running an Elixir program in a Kubernetes swarm"
"Deep%20learning","5 hours ago","Inserting pre-trained network to Siamese Network"
"Deep%20learning","9 hours ago","horizontal timeline css implementation"
"Deep%20learning","10 hours ago","Recognize image within other image"
"Deep%20learning","15 hours ago","How do the matrix operatrions work in convolutional neural networks?"
"Deep%20learning","17 hours ago","Anyone can provide retinal vessel extraction code implemented by python? [on hold]"
"Deep%20learning","17 hours ago","Word2Vec + Regression - Numerical scoring method"
"R%20error","1 hour ago","ssh-add creates Error connecting to agent: Connection timed out (Windows 10)"
"R%20error","2 hours ago","error in compiling kernel module"
"R%20error","2 hours ago","Using Botan C++ in QT to encrypt files"
"R%20error","3 hours ago","YouTube Livestream API - Title required when title is provided"
"R%20error","3 hours ago","Gettting FIREBASE WARNING: transaction at [my-path] failed: disconnect starting today"
"R%20error","4 hours ago","How to update C# Compiler to version 6-Visual Studio Community 2015"
"R%20error","4 hours ago","looping cross tab with error sign of not the same length"
"R%20error","5 hours ago","hist.default ¡°character(0)¡± error in R when trying to knit"
"R%20error","5 hours ago","installed django-cors-headers still cross origin images error occuring"
"R%20error","6 hours ago","count_if in Rcpp with console testing [duplicate]"
"R%20error","6 hours ago","Error with multiple Method program Java [duplicate]"
"R%20error","6 hours ago","Apache Flink, second stage summing on a windowed stream"
"R%20error","6 hours ago","Live Video Streaming with PHP And Ajax"
"R%20error","7 hours ago","I'm having problems installing scikit-learn on Mac os.x 10.13.5 with python 3.7 : the instal¡¦"
"R%20error","7 hours ago","DreamScrape Error: TypeError: cannot use a string pattern on a bytes-like object"
"R%20error","8 hours ago","Installed AWS CLI via pip install and cant get output running commands"
"R%20error","9 hours ago","2 domains - 1 server // index of / is displayed instead of index.php"
"R%20error","9 hours ago","Parse error Rmd"
"R%20error","9 hours ago","Failed with error: ¡®¡®operator¡¯ is not a valid installed package"
"R%20error","9 hours ago","DiagrammeR - could not find function ¡°grViz¡±"
"R%20error","9 hours ago","DocuSign SIGNING_GROUP_INVALID with Certified Delivery"
"R%20error","10 hours ago","i want to make a user an admin with user id [on hold]"
"R%20error","10 hours ago","Issue with photos length"
"R%20error","10 hours ago","non-numeric argument error using ode23s in R"
"R%20error","11 hours ago","Fitting Compound Distributions with R"
"R%20error","11 hours ago","To protect your application you must either upgrade to Sprockets version ""3. heroku rails error"
"R%20error","11 hours ago","Json parsing error: Value x<U+FFFD><U+FFFD> of type java.lang.String cannot be converted to JSONObject"
"R%20error","11 hours ago","synchronising 3 processes in a chain form, using (shared) semaphore in c [on hold]"
"R%20error","11 hours ago","Should I run normal flask app and sockets on the same ports?"
"R%20error","11 hours ago","Referencing boost library when create R package for C++ code"
"R%20error","11 hours ago","Execute C++ code in R"
"R%20error","12 hours ago","JavaScript posting object with list"
"R%20error","12 hours ago","How does a typical Rcpp edit-compile-test cycle look like?"
"R%20error","12 hours ago","Precompile headers in a makefile automatically"
"R%20error","12 hours ago","rgdal won't install on AWS RStudio AMI"
"R%20error","12 hours ago","Error when trying to install package mediation in version 3.2.4"
"R%20error","13 hours ago","error in installing packages"
"R%20error","14 hours ago","ggplot2 geom_hline requires the following missing aesthetics: yintercept"
"R%20error","14 hours ago","How to limit photos selection?"
"R%20error","14 hours ago","Exception while parsing logfile in logstash"
"R%20error","14 hours ago","fetch data from the database using codeigniter"
"R%20error","14 hours ago","How Can We Keep the Bluetooth Connections in all Fragment?"
"R%20error","15 hours ago","How to store list of vectors as column of Array<String> or Struct<String> inside spark_apply()?"
"R%20error","15 hours ago","When I run my R in R Studio I get this message about normalising paths. How do i make it dis¡¦"
"R%20error","15 hours ago","How to optimize the below VBA Code? It is taking lot of time to run and Excel is hanging eve¡¦"
"R%20error","15 hours ago","AttributeError: 'NoneType' object has no attribute 'content'"
"R%20error","16 hours ago","Bollinger Bands indicator in R"
"R%20error","16 hours ago","Cannot push django app to Heroku"
"R%20error","16 hours ago","Apache return 404 for file that is also the ErrorDocument"
"R%20error","16 hours ago","d3: How to add border to a circle on an if-condition?"
"R%20error","16 hours ago","Issue with calling ggplot using R_tryEval"
"R%20error","16 hours ago","Multiple time series plot in R, ggplot2,"
"R%20error","17 hours ago","Spring security not landing on custom login paged"
"R%20error","17 hours ago","Animation made of multiple 3D plots in Matlab App Designer"
"R%20error","17 hours ago","DescTools::XLGetRange() fails with sel$Cells() Error: attempt to apply non-function"
"R%20error","17 hours ago","make error for Rcpp code in nsight eclipse"
"R%20error","17 hours ago","I can not write any sort of code in Pycharm 3 [on hold]"
"R%20error","17 hours ago","WTforms QuerySelectField , SelectField , MultipleSelectField doesn't seem to work with valid¡¦"
"R%20error","18 hours ago","installing RQuantLib on (Windows) R version 3.5.1"
"R%20error","18 hours ago","Error in Preprocessing using tm in R"
"R%20error","18 hours ago","Installing Ansible Python package on Windows"
"R%20error","18 hours ago","How to solve error ¡°Too few observations.¡± when using ROSE to balancing data in R?"
"R%20error","18 hours ago","How to write a function to implement the same ggplot2 mapping and style on all variables? [duplicate]"
"R%20error","18 hours ago","fp = builtins.open(filename, ¡°rb¡±) filenotfounderror: [errno 2] no such file or directory:"
"R%20error","19 hours ago","aspnet/signalr hangs up on 6th attempt"
"R%20error","19 hours ago","Why segmentation fault and Program finished with exit code 139?"
"R%20error","20 hours ago","Why can't I install mysql2 gem?"
"R%20error","20 hours ago","pip3 install PyYAML failed.(python3.7, macOS High Sierra)"
"R%20error","20 hours ago","Unable to install lxml on OSX using pip: 550 Failed to change directory"
"R%20problem","2 hours ago","Predictive modelling for a 3 dimensional dataframe"
"R%20problem","2 hours ago","How assign a character in a lapply to eval a function in a loop r"
"R%20problem","2 hours ago","Root finding for a bounded function"
"R%20problem","3 hours ago","Problems with breaking for loop in R"
"R%20problem","3 hours ago","Gettting FIREBASE WARNING: transaction at [my-path] failed: disconnect starting today"
"R%20problem","5 hours ago","How to calculate annual returns in R?"
"R%20problem","3 hours ago","How to calculate remainder of percent operation?"
"R%20problem","6 hours ago","Error with multiple Method program Java [duplicate]"
"R%20problem","6 hours ago","How to put the image files I scraped using Beautiful soup into a list?"
"R%20problem","6 hours ago","R 3.4.4 and 3.5 hanging when opening an .R file"
"R%20problem","6 hours ago","Mixing position and names in purrr map input"
"R%20problem","7 hours ago","Importing a dataset from SAS. R is creating a new level which is emty ¡°¡±"
"R%20problem","7 hours ago","When I knit in r-markdown it distorts my boxplots"
"R%20problem","7 hours ago","Problems maping data with ggplot2 and maps in R"
"R%20problem","7 hours ago","I'm having problems installing scikit-learn on Mac os.x 10.13.5 with python 3.7 : the instal¡¦"
"R%20problem","7 hours ago","R How to Split given Time Periods in interval of 30 days in R"
"R%20problem","8 hours ago","Prevent Third party app DrawOvers in Android 5.0 and 5.1"
"R%20problem","9 hours ago","Failed with error: ¡®¡®operator¡¯ is not a valid installed package"
"R%20problem","10 hours ago","Alexa python get request returns null. Lambda is fine"
"R%20problem","12 hours ago","rgdal won't install on AWS RStudio AMI"
"R%20problem","12 hours ago","Regex with 2 semi colons in notepad++"
"R%20problem","13 hours ago","Repeat years on x-axis in ggplot2"
"R%20problem","13 hours ago","error in installing packages"
"R%20problem","14 hours ago","improper output with paramiko_expect SSHClientInteraction"
"R%20problem","15 hours ago","Query PubMed with an enormous string using EUtilsGet()"
"R%20problem","15 hours ago","R - New Factor Variable based in imediatly previous row and other columns. Optimization Ifelse"
"R%20problem","17 hours ago","DescTools::XLGetRange() fails with sel$Cells() Error: attempt to apply non-function"
"R%20problem","18 hours ago","How to solve error ¡°Too few observations.¡± when using ROSE to balancing data in R?"
"R%20problem","18 hours ago","Efficient way for Buffering polygons with a large dataset"
"R%20problem","19 hours ago","Web Scraping images (Beautiful Soup) into a directory with one function, trying to append th¡¦"
"R%20problem","19 hours ago","How to kill process running on port 80 on RHEL?"
"R%20problem","20 hours ago","pip3 install PyYAML failed.(python3.7, macOS High Sierra)"
"R%20problem","20 hours ago","Locale from django app not change"
"R%20problem","14 hours ago","If then statement with date in VBA"
"R%20problem","21 hours ago","Java regex between 2 characters include new line or tab"
"h2o","16 hours ago","how to connect python app in docker container with running docker container with url"
